paper_id1,paper_id2
642,1552
1317,1552
2353,1552
2697,1552
3104,1552
2226,1552
789,1552
2629,1552
70,1552
1818,1552
2527,1552
263,16
2676,16
2446,16
2034,1063
205,3070
905,3070
2976,3070
1310,115
2546,175
1792,2761
2907,2761
2876,3024
655,3024
1672,3024
3141,3024
1438,2878
227,2878
2581,2878
1318,1575
886,1575
1771,1575
2120,1575
565,2320
1884,2320
1109,2320
2424,570
30,668
1593,2726
2318,2361
143,2361
2077,2361
2242,2479
2787,154
1253,1174
1718,1126
988,1126
3136,251
864,962
287,962
1630,962
1246,962
1573,962
2295,2784
424,2314
2359,2314
2551,2204
1628,2146
2416,2845
2559,2845
387,246
1192,1458
441,1458
2022,2435
1153,2435
2095,2435
317,2564
2915,617
1584,1793
2185,1793
2009,1793
1141,1793
2531,2515
2249,1618
2313,1618
2514,1618
1498,1618
3103,1618
3169,1618
555,2327
2036,2327
1886,144
2125,144
101,205
912,205
328,2085
233,549
1101,653
869,653
2887,785
3105,1560
2485,1560
2258,814
700,1673
228,54
2488,54
72,54
2271,54
331,54
292,54
125,54
2658,932
1200,131
1255,131
869,131
10,1655
2300,2096
1478,2096
2631,2096
1958,2096
653,1101
869,1101
2742,3005
930,475
2149,475
3062,475
923,475
2252,67
1430,67
2216,2782
3096,468
2570,468
2166,468
2996,468
1261,468
618,468
1757,468
2365,468
877,2632
731,2632
2232,2632
1660,2632
3141,2632
2245,1068
2723,1068
2837,1068
331,1068
869,1068
1024,1068
2162,2812
1675,2812
2024,2869
1277,896
2052,896
995,225
999,225
1452,222
535,222
333,222
1437,1239
1383,1239
2046,1915
1808,1915
328,448
305,2389
63,2389
1728,2389
2861,3102
1192,2307
2196,498
899,1766
420,1706
844,1706
999,90
2844,2596
1183,2746
1777,2746
1318,1228
3141,1228
1608,1746
1567,1746
2878,1438
227,1438
2581,1438
600,881
2314,2408
1181,677
2612,8
1669,2481
439,2796
370,2796
2304,2392
1529,2392
2867,2392
1690,2392
1432,2392
885,2392
2532,2392
1999,2392
1680,1346
1193,1226
1821,1226
1683,1226
109,2770
2817,356
338,356
2670,356
3099,356
1014,356
2990,356
863,1858
1903,551
1808,551
1945,1735
1778,2820
630,1360
2794,1360
1405,1360
737,1360
2780,1360
1753,788
1152,788
2209,2643
850,540
1092,1972
648,1428
3079,425
1318,2215
2272,2215
2230,604
1485,512
2003,512
994,512
409,512
1176,512
515,512
780,1129
403,1129
2182,1129
2197,757
2980,757
2901,643
1318,382
966,2281
1308,1134
1804,1134
976,1134
1167,1134
263,1134
2556,1134
3139,1134
1670,2385
368,2889
2055,2889
888,2889
526,2889
878,2889
2176,2889
988,2889
1159,2889
3035,2393
2316,690
2107,690
2906,690
919,690
2096,2100
888,2100
1601,2100
2918,2100
2461,2100
1821,2100
2947,2100
1823,2100
2808,2100
2676,2100
2033,2100
1478,2100
3115,2100
809,2100
1847,3035
1255,1200
1628,845
1064,1255
3142,1255
409,2418
371,2418
3098,2418
1294,2418
1108,2418
1884,2418
157,1964
2087,1964
3147,1964
749,1964
1130,1964
3110,1964
1199,2824
1051,2285
38,2285
100,2285
1894,791
3123,791
1821,3101
2514,1962
1111,1587
2931,1587
754,1667
965,1667
886,1667
1771,1667
2981,1667
3151,1667
2120,1667
2822,1591
1755,1591
2957,1591
2178,1591
1108,1591
2631,1591
3033,1591
146,1620
2262,3055
1318,44
1946,3032
1334,3032
228,341
2488,341
72,341
2509,341
2455,2477
3095,1339
3004,2475
2335,2475
2774,2475
323,2475
1357,2475
1577,2475
2631,2475
548,850
1319,2090
1671,1082
2452,1082
978,2635
2576,1158
1232,1158
185,1158
1829,1158
2944,1158
567,1158
2801,2218
61,1537
1866,3009
1184,2022
2219,2022
1178,1831
859,3058
167,3058
2764,3058
2871,3058
2724,3058
1846,3058
2269,3058
747,3058
2067,3058
2935,874
3100,874
329,145
622,1617
1192,1617
343,2998
674,2815
1840,2815
501,1381
1701,1182
907,1919
862,1919
105,908
2772,908
663,1677
2154,1677
1230,228
72,228
6,228
1671,2574
2452,2574
30,83
1699,181
1006,178
2832,178
764,178
2592,2208
2175,1979
2738,1998
1167,1308
1470,3039
1541,302
2793,302
1525,302
507,2705
848,2705
2610,2705
865,2705
124,2705
2471,2705
2433,2705
3062,687
923,687
2261,2653
894,1535
17,1535
10,2368
440,510
2499,510
2500,510
1907,510
2485,3105
1072,3105
744,724
2728,724
2245,1927
1437,1927
2344,1927
2271,1927
2509,1927
331,1927
292,1927
125,1927
2476,1927
2822,2716
1021,2716
1108,2716
274,1443
282,62
2712,62
517,621
3185,621
1274,2302
1287,327
1171,327
3098,327
786,327
140,1483
721,1445
645,75
1224,416
877,416
731,416
466,1511
2446,2694
156,2694
2381,2163
1492,2094
1573,287
2955,424
2301,424
672,424
438,424
301,322
1804,2920
976,2920
347,2920
217,380
872,1833
1581,1822
1969,2148
1561,2568
507,630
848,630
2471,630
1453,930
1086,930
1012,320
2858,795
2465,1291
1658,1291
1523,2620
2095,1894
1757,2850
343,2850
2520,2268
1132,2636
751,1279
2676,1279
42,2135
3092,1852
1677,1852
449,2142
277,2142
1887,73
1709,73
1126,2847
2475,2847
2595,2847
2300,2847
147,2847
565,2847
2864,2847
1577,2847
2631,2847
1958,2847
992,945
1217,2080
763,2080
1612,2080
40,2080
1318,2594
1643,2594
2721,2594
2235,2594
948,2594
1520,2594
211,2594
2962,2594
241,1464
2679,1464
2646,1563
2707,1563
139,2922
2507,1373
1765,1571
1788,1571
833,1571
2165,89
1833,89
2744,56
2633,1843
836,1843
2371,1843
2864,1843
1796,1843
2226,1843
274,1843
3053,1843
1532,1843
866,1843
1471,2630
1711,1312
1027,1897
3087,1897
1825,1897
2433,508
2394,1704
301,815
702,815
2133,815
1478,815
2342,815
2765,815
2391,815
697,78
2355,78
1286,2547
2999,2547
3133,231
1272,231
1967,2919
1215,1564
1440,1564
3146,303
2182,303
2931,1111
878,2468
890,2468
174,1837
423,1057
3140,995
946,995
943,995
2072,995
960,995
3003,1189
418,821
1230,2488
72,2488
6,2488
2370,389
147,191
723,191
2210,191
1896,191
1871,191
576,2295
1934,610
2293,610
3093,1522
1288,1522
962,1630
864,1630
287,1630
1573,1630
283,21
754,2621
2584,642
525,642
2990,642
370,1559
2649,2276
1585,2276
729,200
2797,2600
1794,2600
2682,2949
2255,2109
3107,2109
1834,1001
990,1001
2341,1001
771,1001
2855,796
681,3049
347,976
2822,976
938,2050
1055,2050
1764,360
1581,2798
2325,2798
3113,2798
272,1594
2854,533
2225,533
3089,221
385,4
1296,568
184,2973
592,2973
2828,767
85,373
1969,368
2893,368
440,1078
2499,1078
2500,1078
1907,1078
2616,1485
1978,1340
1249,1128
2865,1128
1257,1128
1391,2502
2424,1175
2895,1952
3056,2805
2243,2056
1318,1298
323,1180
3077,1180
2532,1180
2971,1180
3035,1053
1847,1053
579,1053
1510,1053
310,531
2938,1375
2018,1375
17,1375
1530,1963
1469,1963
2082,1963
1969,1963
1733,1963
2555,2415
2760,2518
215,2538
472,1603
2997,1603
1402,1603
1898,1603
1364,1633
2614,2388
2003,2720
91,2720
409,2720
2827,2720
1448,157
2335,1249
2453,1249
2384,1324
129,1324
29,1318
3141,1318
933,2803
657,1119
1318,1646
2962,1646
2803,532
2576,532
2693,532
933,532
2278,1156
799,2463
1572,318
2696,2576
3106,2690
2802,2487
2178,301
2340,2441
839,999
921,999
545,999
1907,440
3169,2249
1041,2279
578,619
208,2318
2990,1238
298,538
132,1922
198,1922
2772,2661
118,2661
1150,2661
1393,2661
3012,336
724,934
995,934
688,934
2798,494
2206,494
3104,494
1880,215
545,1461
2518,797
1206,2743
1478,2749
1579,2749
1991,1906
2290,2373
3035,1290
888,1290
2682,1290
2918,1290
2610,1290
526,1290
2178,1290
2808,1290
1478,1290
855,1290
2176,1290
896,2833
1285,2833
2482,2833
1411,2833
649,2833
1804,1120
1167,1120
879,1120
521,1120
1455,1120
2712,1120
583,1120
1767,1120
1108,1120
1888,1120
1038,1120
587,1120
2771,1120
2604,404
2369,234
1611,196
1329,1149
1088,2363
2529,1752
2248,1752
79,2014
1581,226
2325,226
3113,226
1369,2313
3024,1663
242,1663
1787,1663
1423,2902
2036,2902
1417,1347
666,924
2846,819
3114,819
2715,819
10,607
1254,607
3036,294
322,1446
2690,1446
1215,1446
2461,1446
1440,1446
1577,1446
3107,1446
2676,1446
1525,1446
887,1446
1631,1429
312,1429
1126,110
1479,110
100,2395
2576,1022
1232,1022
185,1022
1829,1022
2944,1022
567,1022
2388,1350
2614,1350
620,1054
1157,1054
1731,290
177,914
1543,836
255,836
1532,836
537,161
242,2360
2584,2994
2926,2994
606,1275
630,2580
2839,2580
1361,2580
2179,2580
2324,2580
2259,2580
1405,2580
2780,2580
322,2961
815,2961
301,2961
2918,2961
3099,2961
2676,2961
710,2961
2068,2961
714,2961
1137,2015
2933,2015
1499,3044
2907,3044
2735,3044
3062,2291
1680,1020
2691,956
2037,1416
2525,2943
1192,916
2592,987
789,996
2595,2371
836,2371
1987,2371
323,2371
2471,2371
514,2371
603,2371
2933,1137
2486,2331
991,2331
1126,149
588,149
864,2492
287,2492
266,2492
1134,2464
1804,2464
976,2464
1167,2464
879,2464
263,2464
1432,2464
2558,2464
1108,2464
982,2464
3139,2464
2771,2464
630,1726
2839,1726
2181,1726
430,1726
520,1726
2560,1726
1405,1726
514,1726
2780,1726
732,1726
487,1726
3004,147
2335,147
2774,147
323,147
1357,147
1577,147
2631,147
2673,2147
2301,2147
574,2147
1832,2147
2740,2147
2756,2147
2677,2888
183,2888
108,2888
557,1881
2947,1601
1579,1601
407,971
1287,1569
1171,1569
3098,1569
786,1569
532,2626
3089,2626
2715,2626
1297,1282
1142,1988
103,2768
545,2768
300,2469
2676,2469
166,1987
1420,1987
1394,1987
848,1987
95,1987
1108,1987
1750,1987
1936,841
1003,841
693,841
437,841
2577,1371
1255,2686
2786,2686
265,1763
1667,1576
1373,1576
1858,3031
2826,3031
2256,3031
2088,3031
2098,3031
224,3031
36,3031
1159,3031
2467,2111
1668,2122
111,2122
3060,2965
3138,2965
2112,2186
1922,1113
1605,1113
2706,1113
108,2552
1399,2406
1010,2406
458,2406
2078,2406
2878,623
1438,623
2581,623
522,623
2676,784
2344,297
1580,297
952,297
2514,297
1818,297
2920,471
1167,471
301,471
263,471
702,471
1420,471
538,471
2995,471
2777,471
1827,471
848,471
95,471
949,471
865,471
2038,471
2179,471
2471,471
3016,471
1393,471
1069,471
255,471
737,471
1767,471
2106,471
1512,471
2102,471
1983,471
742,471
1784,2836
1088,469
1713,469
171,1413
2738,1413
1810,1413
1382,1413
2337,1413
2787,805
426,993
612,993
526,993
2650,993
2931,1891
1295,2663
760,2663
2597,2663
2424,2663
2676,2663
1085,2663
3115,2663
1360,495
630,495
1405,495
847,495
219,903
2940,903
2144,903
1961,903
3127,903
1722,903
2010,46
2393,1510
1847,1510
1440,846
1002,846
830,846
2841,1985
1155,1985
2054,2918
2817,2918
2510,2918
1676,2918
1543,2918
544,2918
1532,2918
721,2918
2105,1920
699,2883
978,2883
2080,965
1061,965
679,965
1562,2270
341,1081
2509,1081
2704,112
2566,2840
1135,1070
2217,2244
1465,1470
1318,910
2367,2329
2120,2329
837,2282
2563,2450
1802,660
2198,3034
1153,153
480,1851
2280,2698
825,1021
2610,1021
1512,1021
2,1021
116,1021
2822,1529
1136,1529
207,935
2424,478
218,2848
2285,1844
2395,1844
2011,1844
884,1844
2757,1844
1203,1844
623,1844
2882,1844
2298,1844
2228,1844
3160,1844
1490,1844
631,1844
2890,1844
2171,1844
2489,1844
25,1844
2548,1844
2124,1844
1424,1844
2101,2048
2228,402
670,1389
1686,609
2019,656
1192,2442
441,2442
2934,1635
869,1635
2536,1538
1965,1538
433,3061
2587,1003
1936,1003
841,1003
693,1003
437,1003
2662,1715
1127,2205
857,2205
1127,857
2894,2561
2894,2016
2894,542
1515,1173
400,2374
113,104
2648,104
104,295
2705,1466
124,1466
2433,1466
33,396
114,1497
2064,450
855,2379
957,2892
2486,2892
1162,2892
2251,2892
3174,2892
2536,558
97,558
2021,558
2873,1043
1598,1186
2656,1186
2799,1186
1757,1186
1157,1076
1583,780
403,780
2427,1826
2051,1826
2199,190
1214,2516
2972,740
61,740
2956,740
1040,740
3104,740
963,2134
893,2451
2577,250
2116,1179
2802,1222
864,2264
287,2264
1630,2264
3173,2264
3017,2264
1670,2554
1065,210
2586,1351
1540,929
2740,929
2662,2454
2433,2454
620,2030
1434,639
3137,639
2758,1434
938,3126
2885,3126
1985,1574
2841,1574
1765,961
1788,961
1771,886
1113,2153
1605,2153
2076,2005
151,2005
630,2680
2839,2680
2181,2680
430,2680
520,2680
2560,2680
1405,2680
514,2680
2780,2680
732,2680
487,2680
2741,2521
1526,3094
281,3094
1523,3094
2980,3094
1257,2865
2868,2075
2952,2075
788,1640
1152,1640
1241,1640
1192,2144
886,2421
1771,2421
3141,218
1695,2127
2332,2127
1005,1123
2296,248
1703,248
412,248
415,412
1417,794
1214,3059
2838,1798
2355,2533
1945,126
3084,2207
1085,2923
3,384
1893,2657
27,2657
1154,3149
1154,897
1196,2060
2661,118
1364,1148
682,3148
3117,1960
1974,2339
1219,1011
2510,1011
2504,1011
466,1011
2510,900
311,900
2522,2423
1025,738
1858,270
152,270
489,270
1688,270
3031,270
1824,270
583,270
2683,270
224,270
1156,3087
681,3087
1653,3087
2959,3087
1922,1616
84,1616
1899,1616
640,55
1062,55
55,1481
326,1481
2322,1610
60,1824
583,1824
2256,1048
2569,1048
2627,1048
2558,1048
353,183
1037,2084
358,2539
537,2039
1801,2039
1819,2039
1238,1801
2235,1801
1677,1819
640,1819
55,1819
1481,1819
1062,1819
1801,1819
2237,1819
444,1819
326,1819
3100,1819
848,507
444,1099
2478,1099
1099,2237
1099,444
2237,444
574,122
650,2273
2611,686
1072,474
3098,1171
2705,1838
2595,1838
538,1838
3029,1838
1307,1838
825,1838
2565,1838
3090,1838
1021,1838
507,1838
3131,1838
1296,1838
949,1838
865,1838
124,1838
2038,1838
1201,1838
2471,1838
2283,1838
2701,1838
2437,1838
3072,1838
255,1838
1108,1838
477,1838
1815,1838
608,1838
1512,1838
333,1838
2,1838
553,1838
116,1838
1976,1838
433,3131
3085,1939
907,1939
189,3112
2197,3112
3096,172
2570,172
2166,172
2996,172
1261,172
618,172
1757,172
2365,172
2041,1397
2337,9
1673,1403
1445,1403
110,1403
1243,1403
299,1403
1837,174
2637,174
1837,2637
174,2637
2064,798
1500,798
1679,1924
1467,352
2927,3163
352,3163
3111,3163
2795,3163
855,1280
3078,1280
869,460
10,460
630,1234
2839,1234
1361,1234
2179,1234
2324,1234
1405,1234
2780,1234
847,1234
385,2904
166,1016
2032,1016
825,1016
836,1016
1269,1016
1357,1016
95,1016
2968,1016
544,1016
166,1269
1357,1269
95,1269
1450,3020
353,543
84,543
2766,2217
2600,176
2797,176
781,176
1014,176
2634,2778
886,1519
1771,1519
483,2299
3055,2347
2262,2347
876,2347
1534,2347
1073,2458
923,2458
1521,2818
1550,2818
1621,2818
680,2305
1429,2422
312,2422
828,939
1758,2221
2221,1758
240,1758
1141,2185
1694,1396
724,259
3041,259
1725,2353
1411,2353
2874,2353
1609,2353
163,2353
3146,2053
401,1479
827,1418
2231,1418
2568,2170
1561,2170
1418,1561
827,1561
2602,1561
827,2602
2602,2231
3113,1581
2798,2325
2206,2325
3104,2325
3104,2206
280,1468
2313,1223
2593,1223
2313,2593
725,2593
2313,555
1839,555
2045,555
1423,555
2286,451
1905,50
911,50
2709,50
2310,2553
625,2553
235,2553
911,2553
3089,2553
2601,2553
81,2553
2669,2553
1004,2503
3083,2503
2608,2503
2392,2503
1134,2503
2705,2503
1804,2503
2716,2503
2108,2503
166,2503
2595,2503
1167,2503
2257,2503
263,2503
702,2503
141,2503
931,2503
538,2503
347,2503
2822,2503
2335,2503
1696,2503
1315,2503
1114,2503
2660,2503
783,2503
1784,2503
3029,2503
1307,2503
276,2503
2565,2503
2644,2503
3090,2503
1529,2503
2777,2503
1466,2503
1827,2503
507,2503
848,2503
524,2503
1296,2503
1959,2503
1091,2503
1357,2503
95,2503
806,2503
1690,2503
505,2503
949,2503
865,2503
124,2503
2038,2503
1201,2503
1676,2503
413,2503
2471,2503
2283,2503
2701,2503
2437,2503
3072,2503
1202,2503
2178,2503
2713,2503
2433,2503
1170,2503
2558,2503
2532,2503
2971,2503
255,2503
370,2503
1767,2503
1108,2503
1321,2503
1883,2503
477,2503
843,2503
1815,2503
2106,2503
904,2503
2074,2503
2816,2503
1512,2503
2372,2503
2699,2503
2984,2503
721,2503
2,2503
1046,2503
379,2503
1750,2503
1999,2503
2151,2503
553,2503
1912,2503
2771,2503
2386,1959
1296,1959
409,338
1023,338
1448,1816
1382,1637
2738,1810
1413,1810
1382,1810
2584,1810
2738,1382
938,1055
782,1216
273,1216
3103,3121
698,733
1249,2453
1387,2403
898,2734
1736,2670
1046,2132
382,1600
44,1600
242,1600
1913,1600
1318,1600
2360,1600
2876,1600
1036,1600
3141,1600
2471,2180
1842,3057
2672,2975
1935,1049
2164,1049
2374,1049
1681,1049
400,1049
1118,1049
3045,1859
1598,2791
2315,1909
741,1909
2716,1091
1065,275
915,275
532,275
2576,275
1390,275
1062,275
2693,275
666,275
1795,275
245,275
2693,1225
2626,1457
686,1457
1784,523
2708,1462
1236,458
1643,2235
2721,948
1134,521
1308,521
1804,521
976,521
1167,521
263,521
1361,521
1432,521
2712,521
2556,521
1888,521
950,521
3139,521
2594,936
2990,803
2802,2789
2487,2789
1643,2789
2677,2789
1222,2789
2297,2789
1486,2789
563,3011
563,493
1015,127
3161,3166
1320,3140
255,119
2572,2641
2469,2641
402,2641
2117,2641
1389,2641
1737,2641
2835,2641
2823,2641
839,2641
2676,2641
2117,1737
1389,1737
744,1737
2676,1836
2616,994
1765,470
880,470
1788,470
1192,2605
467,2891
3050,2891
684,2891
2431,2891
2187,2891
502,2000
1285,1335
649,1335
2299,483
2002,2362
2002,342
1488,1492
2536,1488
2642,1488
991,2486
68,2486
68,991
1273,1925
2094,1805
555,1839
3177,1839
3015,1451
2573,1451
2610,1966
2471,1966
904,1966
825,2610
2705,2459
2716,2459
166,2459
538,2459
1315,2459
1307,2459
2565,2459
3090,2459
1021,2459
2454,2459
507,2459
1838,2459
3131,2459
1296,2459
1091,2459
2610,2459
1357,2459
95,2459
124,2459
2038,2459
1201,2459
2471,2459
2283,2459
2437,2459
2433,2459
2532,2459
2971,2459
370,2459
1108,2459
843,2459
1547,2459
2989,2459
2,2459
2091,2459
1976,2459
3083,1947
1318,2910
2583,2910
1519,2910
2966,2910
1821,2910
2292,2910
2219,2910
3118,2910
1453,2910
29,2910
379,2910
1086,2910
1756,53
325,53
995,2242
999,2242
1590,2242
688,2242
1944,2242
876,1408
583,629
1167,1125
2712,282
1549,432
1960,1730
2706,1730
1023,1730
1521,309
166,1357
2436,1056
1519,1056
35,1056
2292,1056
2219,1056
1096,1056
3081,1056
166,95
1361,95
1357,95
2438,2220
1463,2220
2336,1857
2738,1857
495,1857
760,1857
2816,1857
1377,1857
2589,1857
1555,1857
2103,137
796,293
3137,293
877,2524
2583,2524
731,2524
2172,2524
2583,2172
2524,2172
2966,2172
2232,2172
877,2232
731,2232
1612,689
40,689
1177,806
2739,806
2615,806
40,806
1750,806
1666,2097
17,1666
1168,2239
1411,2482
2095,817
1774,755
47,1623
1527,1623
2032,47
3098,47
710,47
928,2938
2323,1861
2938,1861
746,1900
217,2656
1757,2656
3051,2903
2300,2903
220,2903
2631,2903
2257,505
2037,1672
655,1672
1281,2413
2811,2413
559,1245
2178,159
1108,159
1128,2864
702,2864
3099,2864
1109,2864
1582,2864
866,2864
1360,1796
630,1796
2780,1796
538,949
2631,949
1301,143
534,143
2504,311
2788,1165
393,1165
2896,121
129,2384
1324,1494
2384,1494
129,1494
2712,1432
2556,1432
1108,1432
1226,759
2889,759
2100,759
3035,759
1847,759
579,759
2054,759
2817,759
2510,759
1290,759
836,759
2371,759
1726,759
1601,759
1987,759
993,759
2680,759
1676,759
1782,759
1543,759
518,759
605,759
1823,759
1108,759
2676,759
544,759
1386,759
1532,759
721,759
915,102
2844,102
985,906
1393,906
3098,906
1294,906
65,2035
463,2035
3097,2035
463,3097
2031,616
616,2031
148,1237
77,1237
1263,2860
1975,316
1295,1363
391,560
9,560
1035,560
1902,560
1192,223
590,513
1103,2872
2772,1568
2144,1568
1150,1568
1907,1568
1706,2792
1233,2792
2691,15
853,15
539,15
2705,124
2705,2038
124,2038
1108,2038
1705,3153
2705,1201
702,1201
2386,1201
1307,1201
2565,1201
3090,1201
507,1201
124,1201
2471,1201
2437,1201
2433,1201
843,1201
1815,1201
2106,1201
1976,1201
569,1162
93,2853
1558,2853
2753,2043
996,2043
779,2043
1378,1107
2635,1107
2753,1107
996,1107
2202,1107
792,1107
2043,1107
2398,1107
438,1107
852,1107
14,1107
2877,1107
779,1107
1210,1107
1139,1107
978,1107
3181,1100
354,958
3023,2767
1197,2767
964,2767
3170,3178
1550,2377
1370,2983
1681,1289
1289,1172
2696,1172
473,1414
1693,1414
2948,1414
1716,1414
3018,1414
139,1414
3108,1414
1759,1414
2720,2862
2003,2862
409,2862
915,2870
2844,1685
1889,2157
2829,362
672,1717
2159,1169
847,2179
2839,2324
2179,2324
1452,2324
2989,2324
847,2324
2355,1720
2424,1814
1420,1676
234,86
2369,86
1173,86
2542,86
1745,86
1910,86
2065,86
1687,2483
2889,2513
724,2513
630,2513
1279,2513
934,2513
751,2513
2317,2513
2676,2513
1425,3177
1459,3177
3076,3177
701,3177
1658,3177
1117,413
1935,1501
644,1501
1676,1782
605,1782
740,3104
2325,3104
1192,3104
2417,2081
1581,2081
293,2590
417,107
825,2283
323,2283
2437,2283
255,2283
2091,2283
1820,1401
545,1401
1028,2550
2990,1355
1817,1562
1051,100
2395,2882
2526,1869
1922,615
2188,165
477,165
1134,2275
1804,2275
976,2275
1167,2275
879,2275
263,2275
3031,2275
270,2275
1824,2275
1432,2275
2188,2275
2558,2275
1108,2275
982,2275
3139,2275
587,2275
2771,2275
833,1467
1627,1105
2957,1105
2504,466
1511,2640
1932,2640
2322,2640
1511,2322
1931,1258
599,675
1626,2810
2810,135
1626,135
194,892
1200,2606
1255,2606
3142,2606
2837,2606
216,2606
3123,2606
1144,2606
544,32
3012,1365
2335,2701
1595,2701
595,913
1072,2460
3111,80
2254,415
3016,2437
207,736
937,1508
1786,2500
2499,2500
1795,940
350,3156
150,3156
751,1066
2676,1066
2676,751
2191,2490
2863,2764
1319,136
575,136
2193,461
3085,1449
907,1449
868,35
1331,2227
2169,762
2913,762
2746,288
598,2189
1064,2837
3116,2625
1405,2625
98,2748
1586,2748
19,1879
653,2575
1101,2575
1635,2575
1879,2575
1740,2113
2001,972
255,2929
2054,2665
728,2665
1821,2665
1019,2665
1683,2665
2831,2945
1410,1615
2688,1557
143,1301
2383,1356
1328,1333
1994,2008
2988,2008
3095,2008
1843,1455
2864,1455
1818,3122
1742,709
1892,766
413,1543
1117,2199
1692,1876
2895,1876
2859,2544
2844,2544
2498,2544
1251,1336
2307,1760
872,1760
2307,2140
2111,2140
2467,2140
1272,3133
1420,3077
1307,3077
2565,3077
3090,3077
1352,3077
2178,3077
3016,3077
1108,3077
1442,586
370,586
2694,816
1263,816
1453,3006
1086,3006
3118,781
1453,781
29,781
2633,2139
1183,2139
2022,2139
1182,2139
930,2139
2149,2139
3062,2139
923,2139
1437,331
2900,331
292,331
2190,793
1565,793
213,793
1093,793
641,793
548,793
2190,1093
1881,1093
213,1093
793,1093
3021,1093
2136,1407
1990,775
2990,454
2852,398
3152,2443
1546,2443
255,2443
855,2443
2104,2443
875,2443
2716,1415
1167,1415
521,1415
1432,1415
2775,1415
1265,1415
2771,1415
208,2775
2175,3063
1954,518
949,518
3033,518
1793,2009
2185,2009
1295,2123
2163,1252
1643,1252
2842,1252
1705,1252
2235,1252
1242,1252
2381,1252
1405,291
2971,291
1412,134
1156,681
824,3168
117,3168
476,3168
1118,3168
301,605
2750,605
1085,605
721,605
526,612
526,2259
2249,1104
1856,1682
1806,713
499,1866
217,2311
2285,3176
1051,3176
2395,3176
100,3176
2882,3176
967,3176
2890,3176
2171,3176
378,3037
3029,3037
1108,3037
2822,1352
130,1352
2178,1352
1108,1352
1136,1352
3033,2178
378,2569
323,2569
130,2569
1352,2569
1108,2569
130,2627
876,1007
1537,876
2821,876
3051,2947
1914,1761
1781,1761
220,3028
3080,1799
1875,1799
2755,1592
2354,1592
1478,1366
855,1366
2176,1366
2439,1545
1422,1545
2407,1152
1189,1161
2300,1161
220,1161
2033,1161
2631,1161
3003,1161
1636,1388
520,2560
854,1933
1696,611
2249,2628
1486,2935
3100,2935
26,517
2536,1723
1965,1723
2021,1723
2313,3089
725,3089
2593,3089
2076,99
849,99
2005,99
1362,99
308,99
2076,2684
151,2684
2005,2684
357,2380
1577,186
1287,439
2133,439
1171,439
3098,439
2765,439
2391,439
2878,1284
419,1284
2581,1284
484,2214
1207,638
45,638
2990,2787
2048,909
1389,909
2942,3042
2613,3042
1968,3042
1834,2229
990,2229
2341,2229
771,2229
2410,832
2675,832
1119,2675
2987,1734
294,2077
3036,2077
534,2077
1314,2378
324,2519
1318,1612
2235,1612
1520,1612
748,1526
1982,1956
1426,1956
2003,409
867,49
321,49
98,230
1519,230
1056,230
1096,230
2517,2168
1732,1644
1244,1644
917,1644
773,2579
2333,243
2279,614
2870,614
3165,3150
158,3150
2727,3150
3165,1306
1827,1849
885,1849
1626,1596
438,1867
1378,2835
2877,2835
1506,627
2501,627
1044,1621
2807,1621
3061,2599
600,485
1428,2152
2852,2350
1593,1823
2022,279
230,279
2149,279
1285,1411
173,2874
234,1910
2369,1910
2954,465
1166,2667
705,2250
2121,2130
1892,1084
2348,232
1300,3007
1990,1702
1218,1860
1820,332
2274,1995
538,1170
925,1170
3073,1170
1909,1170
752,1170
2433,1170
298,1170
1815,1170
2699,1170
1750,1170
2158,1748
2802,262
2487,262
2677,262
1222,262
2297,262
720,262
949,1718
2631,1718
1958,1718
989,554
13,554
2562,2040
1598,2570
2086,2166
2570,2166
2184,1513
1303,2183
2064,457
1994,2118
1156,2118
1634,2118
2227,2118
457,2118
504,2506
1271,2506
162,2506
2719,2506
3124,2506
1934,2506
2046,1808
1903,1808
3140,1808
779,2358
726,2321
996,2321
438,2321
2628,2321
1210,2321
1139,2321
1875,2321
2358,3071
1210,3071
294,1484
2552,1484
132,1484
183,1484
2789,1484
409,1484
377,1484
3117,1484
1027,414
1876,414
2906,414
2925,188
2801,2351
682,2351
2572,2823
2117,2823
1389,2823
1737,2823
300,2823
1004,2188
2705,2188
2920,2188
124,2188
130,2188
3037,2188
1352,2188
2569,2188
2627,2188
1393,2188
2532,2188
1767,2188
1888,2188
1642,2188
2804,2188
2161,2188
1059,2188
587,2188
2771,2188
725,1079
2419,2558
193,2558
2319,2049
2194,2049
1504,1978
1978,1504
2445,142
2944,2747
1409,2747
1409,2944
2944,1409
2944,2129
1409,2129
567,2129
2375,567
1409,567
1443,1632
274,1632
1156,1653
3087,1653
1509,1868
183,2059
353,2059
84,2059
320,1297
2659,1297
2164,1297
1289,1297
1414,1297
2747,1297
1012,1297
1759,1297
3000,1297
3132,1297
245,1297
1157,1297
3054,926
1132,926
2636,926
1873,926
926,1873
2879,1873
872,1185
2685,3109
339,447
1160,447
2018,447
3004,1577
482,1435
2876,1787
655,1787
1672,1787
3141,1787
164,103
657,103
1778,103
1087,103
335,2607
2557,2607
2047,2557
1873,2557
2334,2941
2941,2334
3075,2326
2356,2326
1285,2052
173,2052
2281,3160
2285,3160
419,3160
2395,3160
884,3160
100,3160
2882,3160
3176,3160
2298,3160
1284,3160
967,3160
2890,3160
2171,3160
636,3160
3176,1490
3160,1490
636,1490
1438,631
2449,631
966,631
2395,967
2890,967
2171,967
2395,2890
100,2890
967,2890
2395,2171
2890,2171
722,588
2802,2289
2487,2289
2677,2289
1222,2289
2297,2289
454,2289
490,2512
1069,298
298,1069
2344,717
1606,717
3032,1724
2737,1724
424,1724
266,1724
2056,1724
1358,1724
672,1724
996,1724
2016,1724
542,1724
1616,1724
717,1724
3173,1724
2359,1724
2921,1724
484,1724
1260,1724
1475,1724
2243,1724
1604,1724
1614,1724
2753,1115
996,1115
2358,1115
978,1115
2774,2429
888,2808
130,2808
526,2808
2676,2808
3119,2808
988,2808
1159,2808
707,2808
1045,577
459,577
1792,1372
1070,1372
1895,1372
2875,1423
1126,1345
2463,1345
1887,1345
203,974
1071,2497
1792,1895
20,1895
1382,337
1572,1741
2878,966
1438,966
2581,966
1980,670
2195,1882
2315,741
2504,2366
960,3164
1211,585
2428,2647
1213,2647
2199,349
647,349
2199,2484
902,2484
647,2484
2313,2843
546,2843
725,2843
1369,2843
1348,2843
1452,1405
847,1405
209,1208
399,1707
2717,810
2649,810
1585,810
954,1089
2543,1089
2919,519
1967,519
2919,2917
1967,2917
959,2917
2958,2917
2308,2917
1212,1480
1480,1332
3108,1332
1597,390
2529,41
2248,41
2115,2969
2806,247
320,2343
1716,2343
445,2343
2164,2343
210,2343
1414,2343
1681,2343
1151,2343
620,2343
1012,2343
770,2343
1759,2343
2309,2343
245,2343
1157,2343
1158,1151
1309,1151
2309,1151
864,3173
287,3173
1630,3173
1842,3173
2016,3173
542,3173
1246,3173
2614,3173
1163,3173
37,3173
2639,3173
394,3173
770,3173
2970,3173
3017,3173
770,12
2314,286
1378,286
2408,286
1724,286
1332,286
858,286
2294,286
1778,34
2324,2029
888,1874
2303,2020
2074,371
1398,371
2061,652
2061,1359
652,1359
3018,2908
825,2532
721,2532
825,2971
1009,3065
3092,128
1456,516
1901,2017
1954,411
518,411
1380,411
228,125
2488,125
1882,138
1739,1305
138,1739
215,22
1880,22
1133,22
2502,745
2485,443
386,2251
646,2251
421,2251
2251,646
421,646
838,2988
3095,2988
269,2988
1283,255
2760,255
904,255
3138,255
721,255
39,255
1826,3047
3001,1163
750,1163
2128,2709
1024,1602
228,1024
2488,1024
72,1024
1168,1325
872,1325
2678,1325
1625,1325
1192,1325
1029,1864
370,1442
1114,1505
1207,1505
783,1505
276,1505
1953,345
2955,2359
2301,2359
672,2359
438,2359
52,1493
2995,1609
1368,3099
409,3099
371,3099
3098,3099
1294,3099
1108,3099
1884,3099
831,1
1266,1654
1713,1654
2006,2722
2822,582
1136,582
2178,980
359,2683
2341,2629
2861,2629
666,2629
1865,2629
3038,2629
2337,2629
789,2629
459,2629
3108,2629
1157,2629
2773,561
2830,364
954,1075
1440,1698
1473,1293
241,2137
2679,2137
378,3144
3086,3144
271,3144
2914,998
999,998
831,998
3130,998
1,998
2603,998
2055,878
2345,2603
1248,1754
2345,369
2069,481
261,257
1584,2069
257,2069
1391,2266
2849,1108
378,1321
2822,1321
1529,1321
505,1321
124,1321
130,1321
3037,1321
1352,1321
2569,1321
2627,1321
2558,1321
2532,1321
1767,1321
1108,1321
1883,1321
477,1321
3170,1321
431,1321
2392,488
1591,488
1804,488
976,488
1167,488
263,488
141,488
931,488
825,488
323,488
1755,488
2471,488
2627,488
2558,488
2532,488
2971,488
1108,488
1883,488
477,488
1888,488
1512,488
1642,488
2989,488
1039,488
2151,488
3139,488
587,488
2771,488
1755,1883
2558,1883
1108,1883
2532,477
3171,1198
1477,2881
220,296
1447,1921
1997,1921
974,203
103,986
970,109
672,109
591,109
1840,109
1923,109
2892,968
2486,968
2430,1863
405,1863
3134,1863
3135,204
2106,2545
1431,2106
2110,1942
2545,1930
2106,1930
1548,3014
2938,1247
2018,1247
17,1247
2966,1453
3141,1453
268,822
3064,822
1375,2759
2274,1893
1995,1893
3049,180
1619,180
1268,1904
2752,1589
1385,2655
1394,2654
2779,1374
3108,340
1638,2953
418,1116
1328,2852
719,2328
2751,2328
2618,2083
418,2083
821,2083
1482,2083
1940,2083
1116,2083
2277,2083
761,2083
2832,2083
1379,2083
2588,2083
1134,1888
1804,1888
2920,1888
976,1888
1167,1888
263,1888
982,1888
3139,1888
587,1888
2771,1888
418,464
2832,464
2979,464
719,2751
2832,2623
764,2623
2441,2340
2064,2913
457,2913
1712,1776
2064,1776
983,1776
2822,3048
1244,1732
770,2703
1639,1917
3120,1606
103,3019
2414,24
3076,620
427,2349
440,1907
1854,187
48,1017
1083,1017
2086,1017
706,1017
2673,1832
576,1832
2255,3107
2004,2448
2222,2489
3147,1130
1700,2687
682,3088
2073,2534
435,2288
887,2288
1860,1218
1398,2074
1627,23
2031,23
2217,2444
239,2160
1157,2160
1076,239
2948,2025
1212,2025
2696,2025
1759,2025
711,2609
1050,711
1376,711
500,2473
1992,2473
2169,571
2099,2224
589,2224
1539,2224
2099,589
2099,2128
589,2128
1539,2128
674,2470
1840,2470
1585,1276
2649,2717
1276,1870
2649,1870
1585,1870
2613,1507
1076,2432
1076,3066
2160,3066
239,3066
2432,3066
1821,1146
1736,1146
2003,2284
1019,2284
2787,2284
409,2284
1146,2284
1157,2985
940,2710
319,2710
2276,2731
1132,2863
401,2863
401,870
840,860
1295,703
1047,253
2658,2522
2133,2522
2446,2522
2104,2522
2342,2522
2765,2522
1759,139
601,2967
781,661
1453,661
392,661
3027,661
1086,661
2292,392
697,2666
2236,2666
249,2666
527,774
3022,774
1008,774
1629,774
395,774
1562,2493
2634,1855
825,608
848,608
2610,608
2471,608
1512,608
2,608
3170,608
553,608
116,608
2705,1547
507,1547
848,1547
124,1547
1676,1547
2471,1547
1512,1547
2,1547
3170,1547
553,1547
116,1547
2582,1341
1134,1642
1308,1642
1804,1642
2920,1642
976,1642
1167,1642
263,1642
583,1642
1108,1642
1888,1642
982,1642
3139,1642
1059,1642
587,1642
2771,1642
1138,1813
2424,1773
2740,2756
2755,1354
3027,2367
2246,2145
1856,3172
2895,289
3091,1622
533,1622
1799,1622
281,1622
528,1622
1762,1622
2828,281
963,281
963,528
544,2968
1955,363
977,363
340,1012
1923,1840
3171,1656
105,201
1318,201
1646,201
1150,201
1173,278
2542,278
1515,278
81,278
2279,1035
1578,1035
2866,1035
1498,1035
911,1035
1653,1035
2137,1035
829,1035
2401,1035
928,1349
2438,1701
1463,1701
721,921
788,1241
1152,1241
581,3125
1627,2781
2461,2781
1570,2724
2612,2724
1607,2724
1797,397
267,2974
1894,1661
456,1661
1661,853
2300,2033
1478,2033
2631,2033
1958,2033
2302,1274
651,2399
1689,304
1981,1689
1981,1812
2240,1812
1981,942
2076,1362
849,1362
1094,676
2336,676
1269,676
2689,676
1377,676
3170,676
3025,676
2584,699
1830,479
21,2617
1500,2617
2996,2617
2855,2617
1191,1830
1989,3162
524,2306
2532,3180
780,403
2578,2551
2212,2551
2477,835
2455,835
2122,3154
3098,2466
1294,2466
371,529
2074,529
1398,529
2466,529
801,3053
434,3053
2661,3053
906,3053
2929,3053
3099,3053
3098,3053
1294,3053
2692,3053
1090,3053
2254,1181
2672,1918
1853,1918
2218,1645
635,1645
1729,1645
1968,1645
682,1645
155,2856
2750,786
1460,1684
2750,1684
1085,2750
507,2372
2471,2372
1815,2372
1512,2372
2,2372
1750,2372
116,2372
848,2699
2739,2699
1815,2699
1779,2718
2381,1242
2381,3157
2700,1102
1841,66
2996,66
2879,2991
1593,365
1088,1713
1437,969
2951,1240
1285,1240
1335,1240
1727,1240
503,1240
649,1240
1950,376
2216,3067
11,3067
2155,1780
2512,959
2958,959
634,3062
3062,634
1478,3119
2176,3119
815,1386
368,1386
2055,1386
888,1386
836,1386
2682,1386
2371,1386
526,1386
1366,1386
878,1386
2676,1386
3119,1386
855,1386
2176,1386
988,1386
1159,1386
866,1386
2462,2456
2237,2785
2294,2785
297,70
2825,1380
620,2192
2671,491
2295,436
823,436
2241,436
344,436
950,626
1121,1441
1624,1441
1187,1441
1803,1441
802,1441
1121,1803
1187,1803
856,1803
231,1943
450,1943
3133,1943
911,1943
1309,1943
3108,1943
2899,1491
1778,1491
372,1721
403,1551
1427,1659
3181,2540
877,1660
731,1660
350,2498
690,51
2107,51
919,51
1301,2420
2933,2420
1556,2420
1110,2420
2316,2107
2906,2107
919,2107
2253,2674
1330,2674
2238,1299
723,1299
192,662
662,1648
192,1648
981,947
472,1531
1531,895
2012,1772
3159,1772
1854,1772
725,1738
2955,790
2788,790
2069,790
1778,790
922,3043
1956,3043
1426,3043
163,979
538,2984
2454,2984
3131,2984
2503,2984
1959,2984
298,2984
1069,2984
477,2984
2545,2984
2106,2984
333,2984
7,2984
2336,1377
921,1678
721,1678
2058,214
1512,2
116,2
2471,3170
1512,3170
2,3170
1553,984
2604,984
1358,313
2921,313
484,313
2806,3069
2095,2806
1667,2981
2594,2981
1821,1270
2978,1270
1220,1052
2404,69
1052,2404
1220,2404
1915,2126
2046,2126
354,2126
428,2126
941,1835
1047,602
2634,462
3032,1260
2056,1260
1358,1260
350,1260
3038,1260
2584,1260
0,1260
2921,1260
484,1260
566,1260
2243,1260
818,1260
2056,566
2584,566
2243,566
1425,1774
933,1774
217,1514
2211,1514
2166,1514
2763,1514
975,1691
743,486
2001,1454
2376,1454
386,1454
120,1454
3158,1454
1778,1454
2493,1454
2114,1454
696,1454
76,1454
1259,1454
258,1454
506,1454
2893,1454
1080,1454
2424,834
839,1516
1830,1516
1848,1516
1807,1848
1191,1848
1384,1848
1659,2754
1410,1256
72,1256
2806,1256
2447,659
1496,659
348,659
1496,2447
348,2447
2162,1675
43,1675
765,3155
811,580
532,580
2844,580
2576,580
2150,580
2626,580
686,580
1749,580
1225,580
102,580
1353,580
1795,580
1088,2425
1770,2851
1770,96
2480,951
963,951
3169,2390
954,800
2543,800
1047,800
954,381
2543,381
1047,381
800,381
768,381
1769,1747
569,3174
1162,3174
1504,3174
1322,3025
315,2071
2450,2071
718,2426
1817,2426
2300,2631
220,2631
1584,79
497,366
347,1265
2877,858
1518,858
1378,306
1139,2877
215,3110
2798,2732
494,2732
226,2732
2325,2732
2206,2732
807,685
2773,685
561,685
613,685
2658,2446
1126,2800
1454,1651
2619,776
617,2548
2915,2548
2822,1039
1750,1039
225,264
21,2996
2855,2996
1922,1951
1113,1951
485,1951
2338,1951
654,1951
881,2364
1158,2364
2591,2364
1862,2364
851,2364
600,2364
496,2364
93,2364
28,2364
2213,2364
1209,2364
1842,2364
2313,2364
2150,2364
2982,2364
1459,2364
3057,2364
2223,2364
2141,2364
1323,2364
3177,2364
1501,2364
3038,2364
615,2364
1145,2364
665,2364
2544,2364
2628,2364
867,2364
321,2364
49,2364
340,2364
2584,2364
2160,2364
239,2364
2985,2364
942,2364
2346,2364
476,2364
3010,2364
1943,2364
1260,2364
566,2364
1789,2364
701,2364
1474,2364
2457,2364
2598,2364
808,2364
2972,2338
1616,2338
1501,2338
353,2338
1260,2338
566,2338
2457,2338
2598,2338
712,2338
1158,2819
1329,2819
2016,654
485,654
1302,87
2199,647
87,647
511,1938
2290,1938
691,1938
511,1042
2290,1042
564,1709
2026,394
825,2650
1140,1495
1361,1140
718,3159
2012,3159
1035,2763
2041,2763
64,2079
1389,2079
2094,2992
569,2992
2486,2992
1162,2992
1723,2992
109,2992
674,2992
3174,2992
2537,2992
957,2537
1805,2537
596,2537
1250,3068
730,3068
1650,3068
1058,3068
104,3068
770,2402
1664,429
476,429
2102,1071
2935,1034
3100,1034
1649,837
837,422
2854,1762
2225,1762
1599,252
3024,891
1787,891
2860,1554
1992,2916
546,1348
2715,1348
2694,2898
1263,2898
2658,2898
2860,2898
751,2898
2676,2898
2522,2898
2446,2898
1554,2898
156,2898
1267,1984
351,1984
584,1984
3026,1984
1267,3026
584,3026
1421,2247
429,2247
1344,2247
2711,2247
2536,2711
1965,2711
2021,2711
2518,1074
410,1890
2764,1890
1106,1890
1969,1890
1554,1890
953,1890
2044,1986
1419,1986
2765,1579
556,641
548,641
2525,3046
657,224
3046,224
1159,224
254,3183
1598,1757
1556,1757
1110,1757
2225,1757
2056,2243
438,2243
872,2678
872,1625
1192,1625
622,1192
1652,1708
2281,636
2062,636
2882,636
2330,636
872,441
2508,1674
2382,2212
1714,539
1697,1337
1845,1337
1337,1878
2707,1878
1697,1878
1337,2646
1337,2707
1697,2707
1337,1697
2707,1697
1346,820
1337,820
2546,820
1119,1973
657,1973
1159,1973
2738,683
2713,943
182,2387
3138,2387
855,2176
2300,3003
82,1264
2964,2401
2964,2397
2401,2397
1582,1109
1027,59
187,59
1262,637
1271,3124
322,739
2690,739
2255,739
1215,739
2461,739
1440,739
1577,739
3107,739
2676,739
1525,739
88,739
887,739
2703,770
2133,2342
2133,2765
2300,1958
1416,1850
2799,92
1740,2365
1261,2365
618,2365
1584,2143
2365,2143
1027,692
3087,692
1825,692
1731,2959
3118,379
29,379
1027,2472
1634,2472
217,2472
1825,2472
2959,2472
1227,2472
1097,2472
2225,2472
2109,1544
205,889
74,3137
1994,3095
1880,1775
1478,3115
1343,285
1534,285
1534,1343
2813,2063
2400,2063
3128,2063
2400,3128
2968,2057
544,2057
144,1886
2125,1886
1886,2125
133,284
1548,772
2236,2804
978,1518
2592,861
2912,1194
2645,1194
1267,735
584,735
2133,603
836,603
3152,603
3098,603
1294,603
1108,603
1478,603
2104,603
2342,603
2765,603
2187,2267
2618,2588
2794,2780
1131,768
954,768
1047,768
800,768
715,1292
119,442
3152,442
3152,2790
1111,314
2931,314
1334,160
106,160
106,1604
1941,1338
2504,2681
955,2924
1769,955
1202,2523
2766,2523
1045,459
540,1404
850,1404
2287,2396
1524,2907
20,2907
1556,1110
2900,2156
1024,2156
2476,2156
3143,787
2668,1996
3179,606
430,732
487,732
430,487
905,1783
2976,1783
3099,882
1712,552
983,552
2745,3182
2177,1400
1122,1400
2177,1122
842,1122
1026,2928
1641,2928
327,2068
815,2068
801,2068
434,2068
47,2068
1527,2068
906,2068
3152,2068
255,2068
3099,2068
3098,2068
1294,2068
1108,2068
2676,2068
529,2068
786,2068
1684,2068
721,2068
156,2068
710,2068
714,2068
875,2068
394,2970
2897,1791
367,1031
1789,1342
1319,575
3040,2977
3082,2977
261,1854
2203,1854
1464,727
120,727
2562,727
2799,727
2203,727
1969,727
2119,727
1556,727
1110,727
1854,727
664,727
765,727
1598,664
1731,664
1186,664
2656,664
681,664
2763,664
1757,664
2472,664
1556,664
1110,664
2225,664
2412,3002
1610,1433
2801,1433
2322,1433
2681,1433
682,1433
1911,1367
780,1367
403,1367
2182,1367
962,346
864,346
287,346
2620,346
2492,346
2264,346
49,346
2614,346
3173,346
1523,346
2661,2857
682,1304
1304,2511
1588,2511
74,1588
2884,108
2802,108
2487,108
1222,108
2297,108
1182,2993
1546,873
667,3080
3081,1790
812,1190
2997,1190
1898,1190
758,2997
31,307
2013,1908
699,2173
978,2173
2428,2070
1213,2070
2869,1872
855,988
3078,988
878,890
236,2685
2685,2960
1750,573
2605,1143
1192,1143
2087,197
1307,1983
2565,1983
3090,1983
1201,1983
1976,1983
742,1983
2257,742
505,742
2337,374
1743,2201
1427,2549
1719,2549
2570,2549
2166,2549
2425,2549
1261,2549
1658,3030
1928,714
371,714
2466,714
875,714
5,2999
1881,2999
1286,2999
793,2999
809,2999
2809,330
550,2809
1525,2474
3167,2624
704,3167
3167,3129
988,1326
1489,195
395,2409
377,671
2376,1472
1327,1472
2313,170
1553,170
3169,170
370,58
1746,1647
1608,1647
1503,2161
2939,633
2939,1779
1929,1744
2357,81
770,2357
2769,2505
2022,1536
1073,1536
2205,1536
1184,1536
2219,1536
376,1536
1665,2260
1205,2260
2969,2260
169,2260
3164,960
1800,756
2209,716
1459,716
1658,716
239,536
3135,669
1097,1227
2959,1097
2225,1097
2225,1613
1731,2225
140,1077
927,140
1524,20
1815,20
1794,1014
234,2065
1745,2065
237,2352
29,2962
3141,2962
2834,375
695,1902
2027,1902
2271,1214
2405,1383
1969,1383
1038,2528
2762,179
2697,2007
1609,2007
2702,2527
3066,2527
417,3074
2946,2783
1804,982
2556,982
634,982
2144,1777
1392,1164
1989,388
1147,2725
2023,2725
562,1000
2567,1000
2023,1147
1460,1229
904,1229
3012,1221
3147,1221
1130,1221
2185,804
1435,804
1406,1517
1285,123
2495,123
2495,632
1764,2066
2430,405
2915,1937
2604,3184
1030,2233
2986,2233
1030,673
1315,2986
1030,2986
2213,1474
1528,530
367,530
767,963
2828,963
2695,778
593,1424
419,1424
1284,1424
2263,1424
1168,1828
872,1828
453,2831
2265,2831
1751,2831
541,753
997,260
2436,923
2453,923
2149,923
2074,406
2652,406
1808,2652
1609,2652
2312,2308
3105,2131
2485,2131
1072,2131
2909,256
169,777
941,1098
2905,1098
2167,973
2310,2669
1619,708
1304,708
334,1993
507,1567
2471,1567
507,1977
2471,1977
2805,3056
2530,1487
1880,1487
229,1487
1365,1487
2930,94
143,534
108,534
2440,1060
1768,1759
2150,1759
1172,1759
1012,1759
1476,1759
3108,1759
1899,1785
400,1899
2813,1662
2400,1662
2063,1662
3128,1662
183,712
353,712
2059,712
108,712
1483,2309
2922,2309
2659,2309
1414,2309
1272,2309
2950,2309
2337,2309
1012,2309
1309,2309
3108,2309
1077,2309
1502,2309
3132,2309
624,2728
368,506
707,506
855,1159
347,3139
2822,3139
1067,2200
461,2193
2411,694
734,2729
322,88
3107,88
801,1090
1055,1957
1411,428
839,428
2126,428
1554,953
855,875
1124,244
1923,1614
3008,1614
3108,3132
1840,808
1923,808
1614,808
3175,2733
2886,2733
547,1877
1804,1059
2920,1059
976,1059
1167,1059
347,1059
2771,1059
1134,587
1804,587
2920,587
976,587
1167,587
1888,587
982,587
3139,587
1059,587
2771,587
2920,2771
982,2771
1059,2771
355,2494
1004,18
2760,18
3138,18
1553,245
198,245
1004,901
1312,901
2054,901
1627,901
507,901
3131,901
124,901
2179,901
2324,901
2471,901
2558,901
721,901
732,901
193,901
2705,2535
1627,2535
124,2535
1105,2535
272,2535
370,2535
193,2535
1478,866
826,1463
435,887
2438,1395
2220,1395
1463,1395
1453,1086
2585,2491
3040,1018
826,1018
2438,1018
1463,1018
597,455
2174,2067
2210,1871
1896,1871
1690,1095
